{
  "camera_matrix": [
    [
      1096.0343766297142,
      0.0,
      619.0433130231454
    ],
    [
      0.0,
      1098.9162984391232,
      459.2888186214187
    ],
    [
      0.0,
      0.0,
      1.0
    ]
  ],
  "dist_coeffs": [
    [
      0.07906749952983365,
      0.3506730070344078,
      -0.006640045419506142,
      -0.010997219307596564,
      -1.45386889905707
    ]
  ],
  "calibration_error": 0.4574515250351275,
  "num_images": 52,
  "dictionary_type": "0",
  "timestamp": "2025-08-28T17:42:06.371998"
}