{
  "T_board_to_robot": [
    [
      -0.9999081548247926,
      0.013524595812029746,
      -0.000850991099962071,
      -28.607607656490714
    ],
    [
      -0.013536374644377645,
      -0.999783067938608,
      0.015828317060460565,
      21.781778636525473
    ],
    [
      -0.0006367363373805808,
      0.015838386427793182,
      0.999874336525705,
      -356.3467128729297
    ],
    [
      0.0,
      0.0,
      0.0,
      1.0
    ]
  ],
  "Timestamp": 1756985433.7428513
}